N,exp(-2N),Holevo_Cinf,Dolinar_C1,Kennedy_null,Kennedy_optML,p_null,beta_star,p_star,GG_alpha,GG_beta,GG_K,Kennedy_null_GG,p_null_GG,Kennedy_optML_GG,beta_star_GG,p_star_GG
1e-06,0.999998000002,2.1374242957285254e-05,2.8853862346078785e-06,2.1229497875524204e-06,2.8391387395243495e-06,0.6321203611593419,0.11648464308482165,0.45316808600321923,4.0,2.0,256.0,1.572765196428672e-06,0.6136844203906398,2.4337893110036644e-06,0.11691468462264776,0.45305644131167633
0.010051246231155778,0.9800982154793465,0.08046740717622028,0.028616203242099347,0.021180626847125628,0.02700392754484343,0.6301706141774412,-0.28833743139771095,0.4504584607046307,4.0,2.0,256.0,0.015676280113051357,0.611588197517824,0.022823278275989206,-0.30150416137698277,0.4488683363063735
0.02010149246231156,0.9605944331727447,0.13976849062233715,0.056470851656880816,0.042044356085734674,0.052421672136438974,0.6282295346987485,-0.31346686958873293,0.43718839340535603,4.0,2.0,256.0,0.031087705729564423,0.609505702847741,0.04394160314792374,-0.3469111382213707,0.4403103799567
0.030151738693467336,0.941478772707664,0.19067021102364148,0.08358499364199301,0.06259416659465128,0.0767076577692378,0.6262975433786638,-0.34835395609822173,0.4337024260954355,4.0,2.0,256.0,0.046236892134853026,0.6074375865914968,0.0639117851660003,-0.38658799590660303,0.4384912333166946
0.04020198492462312,0.9227435105276425,0.23596700046513572,0.10997641160380867,0.08283100903940838,0.10009744896988315,0.624375053132171,-0.37570387629568497,0.43170201355404053,4.0,2.0,256.0,0.06112500587098681,0.6053844694164295,0.08294358779366087,-0.41814847713959696,0.43796763529352817
0.0502522311557789,0.9043810767736348,0.2770178072664296,0.1356625142382587,0.10275592809878137,0.12270690458513524,0.6224624719920806,-0.39855294486194986,0.43048467758176184,4.0,2.0,256.0,0.07575333533176222,0.6033469412699046,0.10115178140549438,-0.44541318464369456,0.4382861167259006
0.06030247738693467,0.886384052225461,0.3146412288514734,0.1606603433031384,0.12237006163106412,0.14461460314052582,0.6205602027223271,-0.4183829269842382,0.42976602280777815,4.0,2.0,256.0,0.09012328823134308,0.6013255604142344,0.11861057055477342,-0.46917949235595824,0.43901138274723545
0.07035272361809046,0.8687451653041194,0.3493899621339421,0.18498658027112946,0.14167463973139116,0.16587861088463043,0.618668642437735,-0.4360288122182582,0.42938984636617467,4.0,2.0,256.0,0.10423638873151661,0.5993208526759027,0.13538366661080115,-0.4904139696901753,0.4399990204417556
0.08040296984924623,0.8514572891337527,0.38166504161000114,0.2086575528664587,0.16067098368191673,0.18654426798290935,0.6167881822310595,-0.45201249016223904,0.42926151370522975,4.0,2.0,256.0,0.11809427424982966,0.5973333109062925,0.15152076464784497,-0.5093185074194373,0.4410849293090337
0.09045321608040201,0.8345134386620814,0.41177230865206516,0.23168924148803827,0.1793605047968766,0.20664837480585346,0.6149192068080069,-0.4666840090820245,0.42931939829440474,4.0,2.0,256.0,0.13169869197301262,0.5953633946484009,0.16706333947266225,-0.5270699360413228,0.44237139277469323
0.1005034623115578,0.8179067678381389,0.43995367064852176,0.25409728552183686,0.19774470316482234,0.22622167268259197,0.6130620941309811,-0.4802906370935172,0.4295211643534977,4.0,2.0,256.0,0.14505149510184162,0.5934115300016145,0.18203813014330167,-0.5440667644500901,0.4438517570066082
0.11055370854271357,0.8016305668461706,0.46640586591198285,0.27589698954515995,0.21582516629054377,0.2452904204814646,0.6112172150722247,-0.4930141447687027,0.4298365222745903,4.0,2.0,256.0,0.15815463885492934,0.5914781096745017,0.1964781393783405,-0.5591906635576244,0.4452374460164605
0.12060395477386934,0.7856782593945763,0.4912924397187622,0.2971033294254293,0.23360356763942164,0.26387745105645066,0.6093849330770337,-0.5049924086254493,0.43024306903248627,4.0,2.0,256.0,0.17101017625986473,0.5895634932138207,0.21041339483146737,-0.5734709450225807,0.44667665134689666
0.13065420100502512,0.7700434000588033,0.5147517638344612,0.31773095831597375,0.25108166508716784,0.28200290922214755,0.6075656038376867,-0.516332757366706,0.43072380925089293,4.0,2.0,256.0,0.18362025376065683,0.5876680073965301,0.22387193887879137,-0.5862432956116135,0.4480049943898862
0.14070444723618092,0.7547196716771156,0.536902619012721,0.3377942125512632,0.26826129927812353,0.29968478486722183,0.6057595749787016,-0.5271205152967179,0.43126555233636327,4.0,2.0,256.0,0.195987106670592,0.5857919467705291,0.23688452768822432,-0.5977937016448948,0.44924261014391503
0.1507546934673367,0.7397008827981856,0.5578482074416484,0.35730711744393695,0.28514439189546886,0.3169393088954524,0.6039671857540082,-0.5374247425923665,0.43185787098978085,4.0,2.0,256.0,0.20811305449941125,0.5839355743291459,0.24947529092404358,-0.6087046571205287,0.45047385355604747
0.16080493969849247,0.7249809651794793,0.5776791153059718,0.3762833929859084,0.30173294384689275,0.3337812542106821,0.6021887667565887,-0.5473021964771482,0.4324923899700346,4.0,2.0,256.0,0.22000049618319,0.582099122303996,0.2616620664050788,-0.6192073274604745,0.451725449500975
0.17085518592964824,0.7105539713354235,0.5964755508944952,0.3947364594557372,0.3180290333694384,0.3502241690979945,0.6004246396411113,-0.5568001461365918,0.4331622899752905,4.0,2.0,256.0,0.23165190524448212,0.5802827930607433,0.2734633939573835,-0.629060435196966,0.45293881949269016
0.18090543216080401,0.6964140721343628,0.6143090691927462,0.41267944293440195,0.3340348140573937,0.3662805613044717,0.5986751168600394,-0.56595840068065,0.4338619447417377,4.0,2.0,256.0,0.24306982490922002,0.5784867600824654,0.28489750950349635,-0.6383330591312506,0.45411419705535144
0.19095567839195982,0.6825555544433377,0.631243923911933,0.43012518073151984,0.3497525128172543,0.38196204541194245,0.5969405014136716,-0.5748108547387872,0.4345866735486967,4.0,2.0,256.0,0.25425686320557567,0.5767111690257308,0.2959821210845176,-0.6470347584391489,0.45524259485508417
0.2010059246231156,0.6689728188197309,0.647338143658651,0.44708622672399456,0.36518442775389925,0.39727946237622747,0.5952210866145266,-0.5833866033796763,0.43533253473029004,4.0,2.0,256.0,0.26521568806852447,0.5749561388350918,0.3067320964277196,-0.655479431576405,0.4563723071443148
0.21105617085427136,0.6556603772488497,0.6626444001469656,0.463574856609001,0.38033292599226304,0.4122429776206793,0.5935171558664444,-0.5917108332246913,0.43609618455088733,4.0,2.0,256.0,0.27594902247225284,0.5732217629024509,0.31716017797230595,-0.6636271375675801,0.4574903202027187
0.22110641708542714,0.6426128509265294,0.6772107171167758,0.4796030730731453,0.39520044143886046,0.4268621623685647,0.5918289824587476,-0.5998055055992405,0.4368747645136983,4.0,2.0,256.0,0.2864596396108501,0.5715081102586428,0.32727862100820154,-0.6714803431115208,0.45859194682747745
0.2311566633165829,0.6298249680858633,0.6910810554771746,0.49518261087957227,0.40978947248764025,0.441146061707385,0.5901568293757536,-0.6076898899469928,0.43766581201394,4.0,2.0,256.0,0.29675035814595585,0.5698152267855331,0.3370984477509616,-0.6792248664734447,0.45970556844461735
0.24120690954773868,0.6172915618671801,0.704295801026814,0.5103249418747253,0.4241025796746949,0.4551032520289554,0.588500949121897,-0.6153809973316264,0.4384671929657142,4.0,2.0,256.0,0.30682403753823445,0.5681431364379661,0.3466303326676447,-0.6866296587354946,0.46078723613221245
0.25125715577889446,0.6050075682304085,0.7168921745930804,0.5250412799164001,0.4381423832864261,0.468741889873373,0.5868615835626776,-0.6228939251503557,0.43927704688203656,4.0,2.0,256.0,0.31668357347773446,0.5664918424659463,0.35588607626681795,-0.6937281836650048,0.4618387282931182
0.2613074020100502,0.5929680239089842,0.7289045797313488,0.5393425857246699,0.4519115609258078,0.482069753751796,0.5852389637816059,-0.6302421359648062,0.4400937417354233,4.0,2.0,256.0,0.32633189342640856,0.5648613286285007,0.36487539486234954,-0.7006885542099275,0.4628862331227747
0.271357648241206,0.5811680644044763,0.7403648996804161,0.5532395716571987,0.46541284504141756,0.4950942801846849,0.5836333099532799,-0.6374376907833685,0.44091583968571174,4.0,2.0,256.0,0.3357719522843132,0.5632515603917148,0.37360722346283476,-0.70752002376279,0.4639289424619199
0.2814078944723618,0.5696029220211181,0.7513027527103644,0.5667427064104016,0.47864902042392365,0.5078225949364487,0.5820448312326828,-0.6444914385995916,0.44174206745168915,4.0,2.0,256.0,0.3450067281893219,0.5616624861044508,0.3820894869038082,-0.7142246661327736,0.4649655175284048
0.29145814070351755,0.5582679239394506,0.7617457130730654,0.5798622196478489,0.4916229216747222,0.5202615402319236,0.580473725660753,-0.651413175186171,0.44257129242033394,4.0,2.0,256.0,0.354039218458568,0.5600940381462288,0.3903307526115779,-0.7207084680713044,0.46597824724735143
0.30150838693467336,0.5471584903283014,0.7717195032996028,0.592608106557262,0.5043374306513955,0.5324176985889726,0.5789201800862317,-0.6582117767084485,0.44340250302732076,4.0,2.0,256.0,0.36287243567830224,0.5585461340426623,0.39833884459928814,-0.7271725112250192,0.4669988717156907
0.3115586331658291,0.536270132494334,0.7812481624612009,0.6049901323373876,0.5167954738946515,0.54429741378354,0.5773843701037585,-0.6648953119154369,0.4442347921741948,4.0,2.0,256.0,0.37150940394741006,0.5570186775446963,0.406119871134202,-0.733535429210329,0.4680131855406004
0.3216088793969849,0.5255984510684204,0.7903541941341703,0.6170178366159891,0.529000020041351,0.5559068093705948,0.575866460008142,-0.6714711404832859,0.4450673442731594,4.0,2.0,256.0,0.3799531552785021,0.5555115596686783,0.41368195007432607,-0.7396254791970136,0.4689915930303831
0.3316591256281407,0.5151391342281056,0.7990586971225418,0.6287005378001433,0.5409540772281879,0.5672518051105777,0.5743666027646952,-0.6779459819431193,0.44589942008701006,4.0,2.0,256.0,0.38820672615925134,0.5540246596950067,0.4210329499991527,-0.7455165873804623,0.46994482505021246
0.34170937185929645,0.5048879559554441,0.80738148144895,0.6400473373599794,0.5526606904905187,0.578338131591899,0.5728849399954824,-0.6843260084290306,0.4467303529725388,4.0,2.0,256.0,0.3962731542755279,0.5525578461237463,0.4281809811091566,-0.7511859775419156,0.4708677484171541
0.35175961809045225,0.49484077432950463,0.8153411716914728,0.6510671240469554,0.5641229391607607,0.5891713432923669,0.5714216019812997,-0.6906168853389519,0.44755953569979584,4.0,2.0,256.0,0.4041554753968535,0.55111097758617,0.43513316655966594,-0.7566539069337475,0.47176270246125046
0.361809864321608,0.48499352985285527,0.8229552993965474,0.6617685780477149,0.5753439342706945,0.5997568302837416,0.5699767076791548,-0.6968238309079264,0.44838641473855134,4.0,2.0,256.0,0.4118567204237823,0.5496839037116972,0.44189632416609326,-0.7620006421429335,0.47264139026572044
0.3718601105527638,0.47534224381134954,0.8302403860170391,0.6721601750745337,0.5863268159619012,0.6100998287519777,0.5685503647549996,-0.7029516629586766,0.44921048474817027,4.0,2.0,256.0,0.4193799125959924,0.5482764659501307,0.4484759144019038,-0.7673432705015832,0.4735215871435949
0.3819103567839196,0.4658830166665537,0.837212017595786,0.6822501903933167,0.5970747509084693,0.620205430479721,0.567142669631419,-0.7090048353319737,0.4500312812923392,4.0,2.0,256.0,0.4267280648591499,0.5468884983494811,0.45487696176214365,-0.7725549325444636,0.4743833998242299
0.39196060301507535,0.45661202648016375,0.8438849122276141,0.6920467027900667,0.6075909297559684,0.6300785914161214,0.565753707549955,-0.7149874698535783,0.45084838021874535,4.0,2.0,256.0,0.43390417738797477,0.5455198282899828,0.46110505538498464,-0.7777230577372095,0.4752396263601934
0.40201084924623115,0.4475255273697763,0.8502729811784968,0.7015575984767235,0.6178785645805831,0.6397241394411508,0.5643835526477148,-0.72090339920281,0.4516613880302733,4.0,2.0,256.0,0.44091123526239684,0.544170277175177,0.4671647254708302,-0.7828817044734453,0.4760951689896428
0.4120610954773869,0.43861984799539,0.8563893844127306,0.7107905749372055,0.6279408863721481,0.6491467814166851,0.5630322680478789,-0.7267561842856406,0.45246994480695685,4.0,2.0,256.0,0.4477522062932199,0.5428396610811572,0.4730598916660096,-0.7880322920169849,0.47695016845501986
0.4221113417085427,0.4298913900760243,0.8622465811725756,0.7197531447144927,0.63778114254469,0.6583511096040592,0.5616999059637057,-0.7325491344127476,0.453273715511802,4.0,2.0,256.0,0.4544300389933279,0.5415277913652515,0.47879551044448476,-0.7930110086288641,0.47777982755103493
0.4321615879396985,0.42133662693585827,0.8678563761657694,0.728452639139517,0.6474025944779385,0.6673416075172519,0.5603865078155944,-0.7382853383945815,0.45407239119202125,4.0,2.0,256.0,0.4609476606901486,0.5402344752355501,0.4843773200197026,-0.7977985071832883,0.4785808008039906
0.44221183417085425,0.41295210207930017,0.8732299618414808,0.7368962120026339,0.6568085150930996,0.6761226552718826,0.5590921043607545,-0.7439676785785214,0.4548656852407246,4.0,2.0,256.0,0.4673079757748262,0.5389595162827976,0.4898108158635314,-0.8024494898988066,0.47936059771425205
0.45226208040201005,0.40473442779441315,0.8783779571720569,0.7450908431683863,0.6660021864660434,0.6846985344826042,0.5578167158350008,-0.7495988479354484,0.45565333142845715,4.0,2.0,256.0,0.47351386408336676,0.5377027149762367,0.49510033433836953,-0.8070539475972416,0.48013209961974684
0.4623123266331658,0.396680283784133,0.8833104433043287,0.7530433421342704,0.6749868974808788,0.6930734327549634,0.5565603521061816,-0.7551813638353925,0.4564350816808777,4.0,2.0,256.0,0.4795681794048625,0.5364638691250428,0.500250075307251,-0.8115611118294782,0.48088782930773494
0.4723625728643216,0.38878641582472356,0.8880369963986088,0.7607603515341769,0.6837659415267264,0.7012514478122465,0.5553230128387198,-0.7607175914076842,0.457210707583467,4.0,2.0,256.0,0.48547374811181,0.5352427743070118,0.5052642022944955,-0.8159763325583246,0.48162841250903854
0.48241281909547734,0.3810496344509296,0.8925667179345104,0.7682483505871568,0.6923426142403308,0.7092365912930244,0.5541046876687449,-0.7662097315079723,0.4579799916520824,4.0,2.0,256.0,0.49123336790747035,0.5340392242661707,0.5101469955056938,-0.8202846097656881,0.4823515002510121
0.49246306532663314,0.3734668136672938,0.8969082627292677,0.7755136584921422,0.7007202112969799,0.7170327922509935,0.5529053563892654,-0.7716598726872007,0.4587427376840687,4.0,2.0,256.0,0.49684980668520473,0.5328530112809697,0.5149025690688656,-0.8244856698518069,0.4830568917407263
0.502513311557789,0.36603488968511955,0.9010698648854275,0.7825624377692331,0.7089020262520169,0.7246439003851304,0.5517249891448324,-0.777069953657177,0.459498757560643,4.0,2.0,256.0,0.5023258014947213,0.5316839265046931,0.5195346875610084,-0.8286212149682743,0.48375028009749554
0.5125635577889448,0.358750859684567,0.9050593618599105,0.7894006975481382,0.7168913484350701,0.7320736890250756,0.5505635466351293,-0.7824418003348722,0.4602478746321354,4.0,2.0,256.0,0.5076640576102118,0.5305317602796877,0.5240470284745578,-0.8326621109634056,0.4844275520230094
0.5226138040201005,0.3516117806013836,0.9088842168248767,0.7960342968043438,0.7246914608989318,0.7393258578939637,0.5494209803269134,-0.7877771411079683,0.460989930485954,4.0,2.0,256.0,0.5128672476954178,0.5293963024269706,0.5284433853762305,-0.8366091672697171,0.4850886438884436
0.5326640502512563,0.34461476793777823,0.9125515394720942,0.8024689475435647,0.7323056384248581,0.7464040356685564,0.5482972326737374,-0.7930775920376817,0.4617247726533663,4.0,2.0,256.0,0.517938011060744,0.528277342512721,0.5327269705350397,-0.8405186509647574,0.48574118545675254
0.5427142964824121,0.33775699459695924,0.9160681053961666,0.8087102179350227,0.7397371455858728,0.7533117823544772,0.5471922373428643,-0.7983446767147611,0.4624522601749803,4.0,2.0,256.0,0.5228789530076412,0.5271746700931128,0.5369010282865188,-0.8443453699712737,0.4863790445261032
0.5527645427135679,0.33103568974086445,0.9194403741776931,0.8147635353940779,0.7469892348694963,0.7600525914925295,0.5461059194487976,-0.8035798299350989,0.4631722617540895,4.0,2.0,256.0,0.5276926442555918,0.5260880749388788,0.5409686322449936,-0.8481363178163095,0.4870084436647499
0.5628147889447237,0.3244481376706223,0.9226745062749084,0.8206341896147304,0.7540651448611455,0.7666298922104922,0.5450381957928416,-0.808784403689401,0.4638846552776684,4.0,2.0,256.0,0.5323816204471565,0.52501734724094,0.5449324182976726,-0.8519278127543817,0.48763426053917563
0.5728650351758794,0.3179916767292918,0.9257763788213389,0.8263273355524947,0.7609680984892765,0.7730470511333793,0.5439889751081107,-0.81395967175337,0.4645893271698209,4.0,2.0,256.0,0.5369483817266759,0.5239622777983696,0.5487944730935178,-0.8557968403206238,0.48826671002760247
0.5829152814070352,0.31166369822643725,0.9287516004173088,0.831847996358147,0.7677013013331869,0.7793073741639096,0.5429581583094091,-0.8191068356380486,0.46528617223226343,4.0,2.0,256.0,0.5413953923883636,0.5229226581898976,0.5525567663749723,-0.8596274180019958,0.48889087586132723
0.592965527638191,0.3054616453841046,0.9316055249945596,0.8372010662628244,0.7742679399942259,0.7854141081438318,0.5419456387474108,-0.8242270266582276,0.465975092590912,4.0,2.0,256.0,0.545725080589673,0.521898280930095,0.5562220329957706,-0.8634301134675377,0.48950803400954096
0.6030157738693468,0.2993830123037717,0.9343432648256469,0.8423913134149581,0.7806711805309993,0.7913704424057763,0.5409513024665694,-0.8293213163419934,0.46665599928429047,4.0,2.0,256.0,0.5499398381259699,0.5208889396113209,0.559792919360619,-0.8671178750839237,0.49010711207449387
0.6130660201005026,0.2934253429538569,0.9369697027430498,0.8474233826695148,0.7869141669590147,0.7971795102244313,0.5399750284662008,-0.8343907082094933,0.46732880815539607,4.0,2.0,256.0,0.5540420202627031,0.5198944290324445,0.5632724218403852,-0.8707282930688998,0.4906927974469057
0.6231162663316583,0.28758623017737567,0.9394895036269255,0.852301798330003,0.7930000198150482,0.8028443901750725,0.5390166889641899,-0.8394361582131447,0.46799344479429655,4.0,2.0,256.0,0.5580339456214094,0.518914545315304,0.5666632416714273,-0.8742676704349488,0.4912658420593612
0.6331665125628141,0.28186331471934417,0.9419071252151021,0.8570309668437114,0.7989318347863814,0.8083681074067758,0.5380761496627795,-0.844458559186961,0.46864983870321886,4.0,2.0,256.0,0.5619178961160514,0.5179490860097957,0.5699679951826645,-0.8777173952813473,0.4918239204500376
0.6432167587939699,0.2762542842735387,0.9442268282841266,0.8616151794506334,0.8047126814049098,0.8137536348370298,0.5371532700159188,-0.8494587594114733,0.46929792749831795,4.0,2.0,256.0,0.5656961169363377,0.5169978501884411,0.5731891864177066,-0.8811176726829126,0.4923719881369164
0.6532670050251257,0.27075687254822295,0.9464526862459153,0.8660586147865289,0.8103456018060025,0.8190038942739039,0.536247903497652,-0.8544375575978604,0.4699376545058557,4.0,2.0,256.0,0.5693708165748246,0.5160606385312152,0.5763289121127307,-0.8845105801991104,0.49291525896892113
0.6633172512562815,0.26536885835046814,0.9485885942007145,0.8703653414405694,0.8158336095518436,0.8241217574714286,0.5353598978710499,-0.8593957041406293,0.470568968462523,4.0,2.0,256.0,0.5729441668947513,0.5151372534013775,0.5793890976945519,-0.8878719489885244,0.4934508718523657
0.6733674974874372,0.2600880646886946,0.9506382774836467,0.8745393204680221,0.8211796885188938,0.8291100471233955,0.534489095457199,-0.8643339098326212,0.47119182440585833,4.0,2.0,256.0,0.5764183032357018,0.5142274989129901,0.5823718797695784,-0.8911691673793094,0.493974914374778
0.683417743718593,0.25491235789307237,0.9526052997390057,0.8785844078584086,0.8263867918489631,0.8339715378003766,0.5336353334037766,-0.8692528520141102,0.471806184877539,4.0,2.0,256.0,0.5797953245543357,0.5133311809907665,0.5852793688572668,-0.894435134063967,0.49449133260984873
0.6934679899497488,0.24983964675342657,0.9544930705536789,0.8825043569595863,0.8314578409633014,0.8387089568343915,0.5327984439527595,-0.8741531542913606,0.472412014234363,4.0,2.0,256.0,0.5830772935975632,0.5124481074228469,0.5881133334254862,-0.8977073942458975,0.4950046700093485
0.7035182361809046,0.2448678816742973,0.9563048526785438,0.8863028208581979,0.8363957246389929,0.8433249851553254,0.5319782547068315,-0.8790354151449924,0.4730092848247665,4.0,2.0,256.0,0.5862662371056759,0.5115780879070562,0.5908751652958628,-0.9010141599722802,0.4955183913839764
0.7135684824120604,0.23999505384681424,0.9580437688644037,0.8899833547169295,0.8412032981468536,0.847822258082886,0.5311745888940688,-0.8839001872592422,0.47359797293941147,4.0,2.0,256.0,0.5893641460430801,0.5107209340911611,0.593566482858731,-0.9042756333196227,0.4960232109393212
0.7236187286432161,0.2352191944370508,0.9597128083369572,0.8935494180690199,0.8458833824499309,0.8522033660776207,0.5303872656305072,-0.8887480189167029,0.47417806113733824,4.0,2.0,256.0,0.5923729758543972,0.509876459607605,0.5961892655590683,-0.9074763712820887,0.49651732230859913
0.7336689748743719,0.23053837379052944,0.961314832933416,0.8970043770704678,0.8504387634616312,0.8564708554542583,0.5296161001802068,-0.8935793908681887,0.4747495363772475,4.0,2.0,256.0,0.5952946467438254,0.5090444801031654,0.5987453746594912,-0.9106153854364513,0.49700066407915366
0.7437192211055277,0.22595070065255785,0.9628525829216763,0.9003515067103802,0.854872191362405,0.8606272290604088,0.528860904212453,-0.8983947708793887,0.4753123893130694,4.0,2.0,256.0,0.5981310439757661,0.5082248132639479,0.6012366382076625,-0.9137239292002773,0.49747681100593466
0.7537694673366835,0.22145432140407986,0.964328682521395,0.9035939929799086,0.8591863799738693,0.8646749469234457,0.528121486055753,-0.9031946015737193,0.47586661769892763,4.0,2.0,256.0,0.6008840181948387,0.5074172788360962,0.6036644961025925,-0.9168275507017782,0.49794876625365897
0.7638197135678393,0.21704741931273286,0.9657456451449016,0.9067349350002183,0.8633840061891576,0.8686164268681961,0.527397650948302,-0.9079793012829485,0.47641222179673004,4.0,2.0,256.0,0.6035553857635074,0.5066216986425732,0.6060306703911995,-0.9198504025706232,0.49840798616599646
0.773869959798995,0.21272821379880913,0.9671058783745854,0.9097773471099456,0.8674677094582439,0.8724540451078884,0.5266892012846185,-0.9127492523037851,0.4769492078423849,4.0,2.0,256.0,0.6061469291156509,0.5058378965963406,0.6083368987755153,-0.9228308818844947,0.49885878472561573
0.7839202060301508,0.20849495971582416,0.9684116886922072,0.9127241609125848,0.8714400913269296,0.8761901368106408,0.5259959368580625,-0.9175048209949294,0.4774775857997235,4.0,2.0,256.0,0.6086603971245035,0.5050656987102377,0.6105846865517773,-0.9257862469313295,0.499303116711548
0.7939704522613066,0.2043459466454021,0.9696652859745065,0.915578227284265,0.8753037150281197,0.8798269966436155,0.5253176550989748,-0.9222463457453564,0.4779973695624262,4.0,2.0,256.0,0.6110975054834897,0.504304933103842,0.6127753985657377,-0.9287317996644499,0.4997427357103971
0.8040206984924624,0.2002794982061922,0.9708687877684796,0.9183423183423699,0.8790611051239968,0.8833668792968282,0.5246541513081917,-0.9269741560341669,0.47850857950887077,4.0,2.0,256.0,0.6134599370985624,0.5035554300075661,0.6149102211026253,-0.9316929797811392,0.5001805042802124
0.8140709447236182,0.19629397137653812,0.9720242233587882,0.9210191293754535,0.8827147471976418,0.8868119999884642,0.5240052188857107,-0.9316885434013774,0.47901123691553327,4.0,2.0,256.0,0.6157493424907429,0.5028170217642329,0.6169903086182196,-0.9346411193002162,0.5006133889193671
0.8241211909547739,0.19238775583062587,0.9731335376389264,0.9236112807349144,0.8862670875926247,0.8901645349534291,0.5233706495543012,-0.9363897865162799,0.47950536868915944,4.0,2.0,256.0,0.6179673402076404,0.5020895428283463,0.6190170028071003,-0.9375488295098257,0.5010384741537727
0.8341714371859297,0.1885592732878421,0.9741985947969951,0.9261213196888883,0.8897205331990715,0.8934266219167473,0.5227502335778748,-0.9410781482558145,0.47999100572023934,4.0,2.0,256.0,0.6201155172428043,0.501372829763262,0.6209916044013646,-0.9404438951385208,0.5014587736730084
0.8442216834170855,0.1848069768750806,0.9752211818262282,0.9285517222388204,0.8930774512846726,0.8966003605533133,0.5221437599744437,-0.9457538766980436,0.4804681832065959,4.0,2.0,256.0,0.6221954294618393,0.5006667212364452,0.622915195138986,-0.9433532170859332,0.501877214770764
0.8542719296482413,0.1811293505017381,0.9762030118697549,0.9309048948991847,0.8963401693691021,0.8996878129353941,0.5215510167235233,-0.9504172003402322,0.4809369396350205,4.0,2.0,256.0,0.6242086020342774,0.49997105801298725,0.6247888338810826,-0.9462437374325531,0.5022903823333592
0.8643221758793971,0.17752490824714803,0.9771457274084817,0.9331831764408154,0.8995109751402836,0.9026910039691908,0.5209717909678399,-0.9550683209298024,0.48139731573494104,4.0,2.0,256.0,0.6261565298702753,0.4992856829475407,0.6266136238875778,-0.9491406281011544,0.5027009508247338
0.8743724221105528,0.17399219376020408,0.9780509033004114,0.9353888395983179,0.9025921164109464,0.9056119218216704,0.5204058692092353,-0.9597074480134892,0.48184935869363676,4.0,2.0,256.0,0.628040678061256,0.4986104409748191,0.628390445272336,-0.9520629062347343,0.5031109759559858
0.8844226683417086,0.170529779670931,0.9789200496792054,0.9375240927420345,0.905585801113905,0.908452518338799,0.5198530374986668,-0.9643347541662888,0.4822931161508821,4.0,2.0,256.0,0.6298624823236842,0.4979451790987959,0.6301201999570659,-0.9550110171765107,0.5035205307055152
0.8944729145728644,0.16713626701376535,0.9797546147193144,0.9395910815150311,0.9084941973344905,0.9112147094562179,0.5193130816202239,-0.9689504147588889,0.48272864126648796,4.0,2.0,256.0,0.6316233494452125,0.49728974638072737,0.631803605417398,-0.9579793888519602,0.5039291561543773
0.9045231608040202,0.1638102846623127,0.9805559872745526,0.9415918904355829,0.9113194333785766,0.9139003756033355,0.518785787269094,-0.9735545848871814,0.4831559892922596,4.0,2.0,256.0,0.6333246577324927,0.49664399392611336,0.633441676861102,-0.9609345810974356,0.5043334667092341
0.914573407035176,0.16055048877535288,0.9813254993965848,0.9435285444656305,0.9140635978746363,0.9165113621017285,0.5182709402234303,-0.9781474089210979,0.48357521889343297,4.0,2.0,256.0,0.6349677574599948,0.4960077748707005,0.6350352787056919,-0.9639080267178871,0.5047366739837996
0.9246236532663317,0.15735556225387007,0.9820644287394087,0.9454030105456876,0.9167287399082925,0.9190494795586768,0.5177683265100844,-0.9827290236573052,0.48398639206491806,4.0,2.0,256.0,0.6365539713192214,0.49538094436562574,0.6365855161367147,-0.9667906303712085,0.5051280047243767
0.9346738994974875,0.15422421420888724,0.982774000855557,0.9472171990966703,0.9193168691878196,0.9215165042565931,0.5172777325641833,-0.9872995394699101,0.48438957187080445,4.0,2.0,256.0,0.6380845948677558,0.4947633595617875,0.6380937640307524,-0.9696092825061545,0.5055101055378556
0.9447241457286433,0.15115517943989143,0.983455391389414,0.9489729654891322,0.9218299562390871,0.9239141785390391,0.5167989453825437,-0.9918590853078876,0.4847848279223923,4.0,2.0,256.0,0.6395608969776133,0.49415487959352805,0.6395610973168346,-0.9723899213725765,0.5058855671628398
0.9547743919597991,0.14814721792363755,0.9841097281727308,0.9506721114803814,0.9242699326284421,0.9262442111939656,0.5163317526709293,-0.9964077558164367,0.4851722287727299,4.0,2.0,256.0,0.6409841202824174,0.4935553655617005,0.6409886119643198,-0.9751289768477036,0.506254056586131
0.9648246381909548,0.14519911431312527,0.9847380932271362,0.9523163866199577,0.9266386912120599,0.9285082778347524,0.5158759429851675,-1.000945645684838,0.485551847224254,4.0,2.0,256.0,0.6423554816229483,0.49296468051619047,0.6423772355487831,-0.9778465094500338,0.5066175580018708
0.9748748844221106,0.142309677446546,0.9853415246781675,0.9539074896239517,0.928938086410304,0.93070802127957,0.5154313058661563,-1.0054728411338203,0.4859237583315065,4.0,2.0,256.0,0.6436761724906543,0.4923826894379554,0.6437279297000512,-0.9805238183818971,0.5069743212456165
0.9849251306532664,0.1394777398660019,0.9859210185850978,0.9554470697186406,0.9311699345056715,0.9328450519295307,0.5149976319688011,-1.0099894209519007,0.4862880395397363,4.0,2.0,256.0,0.6449473594687446,0.4918092592206403,0.6450417349859232,-0.9831450969503843,0.5073228783546285
0.9949753768844222,0.13670215734580227,0.9864775306906002,0.9569367279539269,0.9333360139629261,0.9349209481460533,0.5145747131849323,-1.0144954546298377,0.4866447702922248,4.0,2.0,256.0,0.6461701846705142,0.4912442586518223,0.646319620624468,-0.985730995082908,0.5076651926314432
1.0050256231155779,0.13398180843014657,0.9870119780940657,0.9583780184870496,0.9354380657700414,0.9369372566278057,0.5141623427602637,-1.0189910064082284,0.48699403232062766,4.0,2.0,256.0,0.6473457661745834,0.49068755839393463,0.6475624679667604,-0.9882896879341588,0.5080020517868115
1.0150758693467337,0.13131559398000764,0.9875252408521926,0.9597724498370541,0.9374777937986252,0.9388954927875589,0.5137603154054612,-1.0234761333953004,0.4873359092715499,4.0,2.0,256.0,0.6484751984567572,0.4901390309649136,0.6487711026541525,-0.9908269291352249,0.50833404274928
1.0251261155778895,0.12870243672903198,0.9880181635102636,0.9611214861104928,0.9394568651825068,0.9407971411292311,0.5133684274013998,-1.0279508914885012,0.48767048705185706,4.0,2.0,256.0,0.6495595528182383,0.489598550718611,0.6499463024344546,-0.9933484280168994,0.5086617092531345
1.0351763618090453,0.12614128084827714,0.9884915565673525,0.9624265481988369,0.9413769107132175,0.9426436556253656,0.5129864766986952,-1.032415312239885,0.48799785182492206,4.0,2.0,256.0,0.650599877809953,0.4890659938250093,0.6510887991805206,-0.9958599982035059,0.508985629593209
1.0452266080402008,0.12363109151961132,0.9889461978785306,0.9636890149480635,0.9432395252511266,0.9444364600952452,0.5126142630116024,-1.0368694494841248,0.48831809359432565,4.0,2.0,256.0,0.6515971996527665,0.4885412382502745,0.6521992739415785,-0.9983704112287344,0.5093066411063962
1.0552768542713566,0.12117085451760153,0.9893828339969781,0.9649102243009112,0.9450462681510211,0.9461769485838117,0.5122515879063795,-1.041313336164255,0.4886313026212706,4.0,2.0,256.0,0.6525525226533919,0.4880241637366787,0.653278322977843,-1.0008914964370883,0.5096258648544637
1.0653271005025124,0.11875957579972285,0.9898021814587676,0.9660914744122506,0.9467986637009637,0.9478664857415191,0.5118982548842247,-1.0457470014160755,0.48893757060916315,4.0,2.0,256.0,0.6534668296158115,0.4875146517824215,0.6543266109870396,-1.0033914239471002,0.5099404958950171
1.0753773467336682,0.11639628110472197,0.990204928012929,0.9672340247380606,0.9484982015732959,0.9495064072052221,0.5115540694588957,-1.0501704729836188,0.4892369907977934,4.0,2.0,256.0,0.6543410822480513,0.48701258562137695,0.6553447902395474,-1.0058964440221352,0.5102528965789317
1.085427592964824,0.11408001555897333,0.9905917337992908,0.9683390970984664,0.9501463372866873,0.9510980199801692,0.5112188392291285,-1.0545837743761952,0.48952965757621125,4.0,2.0,256.0,0.6551762215641667,0.48651785020279065,0.6563333965757502,-1.0084065626668217,0.510563130670542
1.0954778391959799,0.11180984329066881,0.9909632324764505,0.9694078767153046,0.9517444926781717,0.9526426028231358,0.5108923739459743,-1.0589869250195054,0.4898156663634529,4.0,2.0,256.0,0.6559731682813091,0.48603033217094926,0.6572930365636008,-1.0109215452028149,0.5108711963821672
1.1055280854271357,0.10958484705168482,0.9913200323021236,0.9704415132246821,0.9532940563841494,0.9541414066267153,0.5105744855751806,-1.063379942046667,0.490095113614908,4.0,2.0,256.0,0.6567328232117664,0.4855499198448432,0.6582241382474368,-1.0134723547411062,0.5111798475568288
1.1155783316582915,0.10740412784697431,0.9916627171679978,0.9714411216649862,0.9547963843293685,0.9555956548047514,0.5102649883547431,-1.0677628393735483,0.4903680966333347,4.0,2.0,256.0,0.6574560676498764,0.4850765031978413,0.6591273424116415,-1.01595050158139,0.5114797807243331
1.1256285778894473,0.10526680457133372,0.9919918475911215,0.9724077834408017,0.9562528002229369,0.9570065436788782,0.5099636988477573,-1.0721356293661852,0.49063471354729904,4.0,2.0,256.0,0.658143763753733,0.48460997383739446,0.6600034922493923,-1.0183816298297346,0.5117731960685699
1.135678824120603,0.10317201365339826,0.9923079616637558,0.9733425472631861,0.9576645960604557,0.9583752428661109,0.5096704359907057,-1.0764983174865728,0.49089506277154776,4.0,2.0,256.0,0.6587967549216083,0.48415022498478394,0.6608532747364155,-1.020784112725559,0.5120616837918371
1.1457290703517586,0.10111890870672162,0.9926115759635212,0.9742464300667597,0.9590330326313998,0.9597028956674083,0.5093850211373119,-1.0808509204353034,0.4911492442656659,4.0,2.0,256.0,0.6594158661630369,0.48369715145492864,0.6616773089840868,-1.0231663857306361,0.5123459756263392
1.1557793165829144,0.09910666018779898,0.9929031864255884,0.9751204179040508,0.9603593400309044,0.9609906194571152,0.5091072780981006,-1.0851934238122627,0.49139735643959853,4.0,2.0,256.0,0.66000190446451,0.483250649636265,0.6624761694991023,-1.0255347119503713,0.5126266311791714
1.1658295628140702,0.09713445506089563,0.9931832691785735,0.9759654668175419,0.9616447181751628,0.9622395060731688,0.5088370331757995,-1.0895258486588661,0.4916395005108451,4.0,2.0,256.0,0.6605556591497381,0.4828106174707102,0.6632503912790344,-1.0278957940413131,0.5129042411511122
1.175879809045226,0.09520149646954512,0.9934522813457225,0.9767825036898513,0.9628903373196624,0.9634506222079477,0.5085741151967215,-1.0938481936519209,0.4918757765731251,4.0,2.0,256.0,0.6610779022344575,0.4823769544337207,0.6640004541387658,-1.030265844803466,0.5131801793944148
1.1859300552763818,0.0933070034145847,0.9937106618128926,0.9775724270724934,0.9640973385795378,0.9646250097996211,0.5083183555382649,-1.0981604570978025,0.4921062849529602,4.0,2.0,256.0,0.6615693887757571,0.4819495615144556,0.664726825720231,-1.032615787456458,0.5134521086402466
1.1959803015075376,0.09145021043859773,0.9939588319647717,0.9783361079936418,0.965266834451334,0.9657636864238457,0.5080695881526734,-1.1024626391087557,0.49233112623039343,4.0,2.0,256.0,0.66203085721591,0.48152834119605364,0.6654300507403369,-1.0349530142212835,0.5137206519829877
1.2060305477386934,0.0896303673166357,0.9941971963907007,0.9790743907453205,0.96639990933553,0.9668676456856541,0.5078276495871904,-1.1067547411839838,0.4925504011198503,4.0,2.0,256.0,0.6624630297207104,0.4811131974360316,0.6661106016997957,-1.0372898595757132,0.5139868414963241
1.2160807939698492,0.08784673875309482,0.9944261435614132,0.9797880936504509,0.9674976200591868,0.967937857611357,0.5075923790007475,-1.1110367594625419,0.49276420993447284,4.0,2.0,256.0,0.6628666125123106,0.4807040356468128,0.6667688780655121,-1.0396407217459178,0.5142518768864615
1.226131040201005,0.08609860408462455,0.9946460464779335,0.9804780098101711,0.9685609963981289,0.9689752690402875,0.5073636181773243,-1.1153086928333253,0.4929726530212356,4.0,2.0,256.0,0.6632422961965717,0.48030076267639127,0.6674053024354745,-1.0419870216936788,0.5145143030795348
1.2361812864321609,0.08438525698894851,0.9948572632938273,0.981144907831832,0.969591041598092,0.9699808040161997,0.5071412115361154,-1.1195705389588249,0.4931758304114504,4.0,2.0,256.0,0.6635907560849382,0.4799032867891374,0.6680203197112878,-1.0443153523934294,0.5147730951565375
1.2462315326633164,0.08270600519947952,0.9950601379119374,0.9817895325380883,0.9705887328943124,0.970955364178133,0.5069250061386372,-1.123822294938216,0.4933738417891233,4.0,2.0,256.0,0.663912652510857,0.47951151764675165,0.6686143830093373,-1.0466456392911934,0.5150298487129558
1.2562817788944722,0.08106017022561375,0.9952550005566884,0.9824126056574881,0.9715550220290473,0.9718998291505503,0.5067148516929125,-1.12806395875908,0.4935667864821453,4.0,2.0,256.0,0.6642086311407648,0.4791253662893705,0.6691879102557637,-1.0489599706291974,0.5152831958881859
1.266332025125628,0.07944708707859136,0.9954421683229995,0.9830148264969464,0.9724908357665615,0.9728150569325523,0.5065106005548577,-1.1322955274446498,0.49375476328646795,4.0,2.0,256.0,0.6644793232796751,0.4787447451168289,0.6697414017888559,-1.0512370252866738,0.515531500664932
1.2763822713567838,0.07786610400281191,0.995621945702788,0.9835968725965081,0.9733970764051338,0.9737018842859729,0.5063121077270069,-1.136517000024278,0.49393787055942395,4.0,2.0,256.0,0.6647253461713938,0.4783695678700834,0.6702753525993973,-1.0534924282734646,0.5157759891469977
1.2864325175879396,0.07631658221249694,0.9957946250900103,0.9841594003667856,0.9742746222856713,0.9745611271221543,0.506119230854699,-1.1407283709984173,0.4941162057971331,4.0,2.0,256.0,0.6649473032934052,0.4779997496127998,0.6707902015827719,-1.055732808982862,0.5160171962028647
1.2964827638190954,0.07479789563359276,0.9959604872651444,0.9847030457094511,0.9751243282965375,0.9753935808872058,0.5059318302198512,-1.1449296419811195,0.49428986607683295,4.0,2.0,256.0,0.665145784646466,0.4776352067131077,0.67128635983335,-1.0579621356570255,0.5162554486084185
1.3065330100502512,0.07330943065080936,0.9961198018599728,0.9852284246211593,0.9759470263742422,0.9762000209455514,0.5057497687324434,-1.149120807764713,0.49445894771498455,4.0,2.0,256.0,0.6653213670389528,0.4772758568255253,0.6717642171054699,-1.0601834377525334,0.5164910118988101
1.316583256281407,0.07185058585969319,0.9962728278034909,0.9857361337812813,0.9767435259996451,0.9769812029615658,0.5055729119198328,-1.1533018715096468,0.49462354619398835,4.0,2.0,256.0,0.6654746143660105,0.4769216188730562,0.6722241444219073,-1.0623996253869306,0.5167241210621211
1.3266335025125628,0.07042077182363367,0.9964198137497289,0.9862267511238051,0.9775146146893737,0.9777378632791125,0.5054011279140155,-1.1574728308543432,0.494783756129295,4.0,2.0,256.0,0.6656060778835498,0.47657241302946146,0.6726664950571466,-1.0646135211249672,0.516955028350879
1.3366837487437184,0.06901941083570526,0.9965609984882412,0.9867008363937719,0.9782610584821554,0.9784707192987906,0.5052342874369515,-1.1616336882489986,0.49493967139520445,4.0,2.0,256.0,0.665716296477148,0.4762281607017074,0.6730916040834627,-1.0668285766551093,0.5171840183518818
1.3467339949748742,0.06764593668524868,0.9966966113379814,0.9871589316886007,0.978983602419807,0.9791804698527086,0.5050722637840623,-1.1657844387850762,0.4950913845434601,4.0,2.0,256.0,0.6658057969259066,0.47588878451259153,0.6734997847040791,-1.0690507243412457,0.5174115520871763
1.35678424120603,0.06629979442909735,0.9968268725252534,0.9876015619846511,0.9796829710226341,0.979867795576602,0.5049149328060135,-1.1699250920752982,0.4952389878009149,4.0,2.0,256.0,0.6658750941613207,0.4755542082835473,0.6738913079884075,-1.0712892233481628,0.5176383477505544
1.3668344874371858,0.0649804401673562,0.9969519935463989,0.9880292356493707,0.9803598687590174,0.9805333592791219,0.5047621728888849,-1.1740556475983155,0.4953825718804321,4.0,2.0,256.0,0.6659246915212228,0.4752243570176299,0.6742664877610046,-1.073516171830902,0.5178623932083025
1.3768847336683416,0.06368734082364254,0.9970721775158481,0.9884424449393637,0.9810149805089846,0.981177806308123,0.5046138649328339,-1.1781761057714413,0.4955222264368665,4.0,2.0,256.0,0.6659550809988534,0.4748991568826824,0.6746256432769266,-1.0757490642644316,0.5180849816101581
1.3869349798994974,0.0624199739297,0.9971876195001419,0.9888416664847162,0.9816489720215854,0.9818017649137881,0.5044698923293501,-1.1822864774648831,0.4956580404199079,4.0,2.0,256.0,0.6659667434871286,0.47457853519468424,0.6749690160816848,-1.0780140271378384,0.5183080203353042
1.3969852261306532,0.06117782741429878,0.9972985068384994,0.9892273617599046,0.9822624903659004,0.9824058466084307,0.5043301409372004,-1.1863867608565282,0.4957901012782933,4.0,2.0,256.0,0.6659601490181593,0.4742624204012815,0.675296845076376,-1.0802652983806056,0.5185282810605292
1.407035472361809,0.05996039939633655,0.9974050194504855,0.9895999775416097,0.9828561643755437,0.9829906465228269,0.5041944990571556,-1.190476966224364,0.4959184954759806,4.0,2.0,256.0,0.6659357569980893,0.47395074206550064,0.6756095228616585,-1.082481855658282,0.5187442646011281
1.4170857185929648,0.05876719798205677,0.997507330131308,0.9899599463537547,0.9834306050865222,0.9835567437589293,0.5040628574055916,-1.1945571020463694,0.496043308366499,4.0,2.0,256.0,0.6658940164373164,0.4736434308496443,0.675907414668351,-1.0846819966004757,0.5189572988219192
1.4271359648241206,0.05759774106630223,0.9976056048352493,0.9903076869000762,0.983986406168342,0.9841047017388282,0.5039351090870517,-1.1986271740110452,0.49616462393544647,4.0,2.0,256.0,0.6658353661761606,0.4733404184993703,0.6761908364582158,-1.0868730716932555,0.519167910837851
1.4371862110552762,0.05645155613772369,0.9977000029477208,0.990643604484529,0.9845241443482591,0.9846350685498304,0.5038111495658553,-1.2026871914999997,0.49628252503701,4.0,2.0,256.0,0.6657602351060448,0.47304163782795383,0.6764600801083855,-1.0890596596186513,0.5193764460092182
1.447236457286432,0.05532818008786465,0.9977906775464016,0.9909680914198409,0.985044379828595,0.9851483772855321,0.5036908766368335,-1.20673717026322,0.4963970934661052,4.0,2.0,256.0,0.6656690423862563,0.47274702270073155,0.6767154183490413,-1.091245948118937,0.5195832176329898
1.4572867035175878,0.05422715902404565,0.9978777756519102,0.9912815274244836,0.9855476566970404,0.985645146382772,0.5035741903952724,-1.210777110241509,0.4965084091830401,4.0,2.0,256.0,0.6655621976563533,0.47245650801972844,0.6769571047504334,-1.0934370569705611,0.519788600611799
1.4673369497487436,0.05314804808597176,0.9979614384684317,0.991584280008385,0.9860345033298951,0.9861258799543565,0.5034609932061351,-1.214807032737045,0.49661655157412615,4.0,2.0,256.0,0.665440101244284,0.47217002970846655,0.6771853657665667,-1.0956461803218802,0.5199935178763107
1.4773871959798994,0.052090411265989775,0.9980418016147137,0.9918767048476259,0.9865054327881951,0.9865910681174603,0.5033511896726416,-1.2188269508484015,0.49672159841462715,4.0,2.0,256.0,0.6653031443702864,0.47188752469695494,0.6774003936713864,-1.097866098235396,0.5201975079409812
1.4874374422110552,0.05105382123292218,0.9981189953458169,0.9921591461484371,0.9869609432066964,0.9870411873176045,0.5032446866042684,-1.222836876263384,0.49682362610802533,4.0,2.0,256.0,0.6651517093466344,0.47160893090686035,0.6776024032751707,-1.1000980604708284,0.520400676382863
1.497487688442211,0.050037859159406846,0.9981931447660015,0.9924319370007355,0.9874015181756902,0.9874767006481339,0.5031413929842417,-1.2268368267208214,0.49692270992469456,4.0,2.0,256.0,0.664986169773299,0.4713341872368583,0.6777916512927009,-1.1023097639254509,0.5206008776347222
1.5075379346733668,0.049042114552672544,0.9982643700331032,0.9926953997214931,0.9878276271156401,0.9878980581651138,0.5030412199365827,-1.230826815440127,0.4970189235993289,4.0,2.0,256.0,0.6648068907295899,0.4710632335481632,0.67796845407992,-1.1044912894005525,0.5207974702717988
1.5175881809045226,0.048066185088682094,0.9983327865547478,0.9929498461881855,0.9882397256446399,0.9883056971975756,0.5029440806927687,-1.23480686285875,0.4971123398168682,4.0,2.0,256.0,0.6646142289618442,0.47079601065023685,0.678133105131928,-1.1066593448324376,0.5209915768743386
1.5276384271356784,0.04710967644957598,0.9983985051767329,0.9931955781625739,0.9886382559386938,0.9887000426530509,0.5028498905580674,-1.2387769875745165,0.4972030297929299,4.0,2.0,256.0,0.6644085330672339,0.47053246028667506,0.6782858530421587,-1.108827535258908,0.5211841059970809
1.537688673366834,0.04617220216435081,0.9984616323638904,0.9934328876050836,0.9890236470848441,0.9890815073183392,0.5027585668776002,-1.2427372082597012,0.49729106341772267,4.0,2.0,256.0,0.6641901436737496,0.47027252512127066,0.6784269160119014,-1.110985528149366,0.5213744134374497
1.5477389195979898,0.045253383452708254,0.9985222703737401,0.9936620569800195,0.9893963154271613,0.9894504921554592,0.5026700290021865,-1.246687545518988,0.4973765092782974,4.0,2.0,256.0,0.6639593936164351,0.47001614872425185,0.678556565492874,-1.1131256807857324,0.521562015976854
1.5577891658291456,0.04435284907201138,0.9985805174232182,0.9938833595518453,0.9897566649056323,0.9898073865927443,0.5025841982540209,-1.2506280213686793,0.4974594346520274,4.0,2.0,256.0,0.6637166081099344,0.4697632755586957,0.6786750464310064,-1.1152572316186298,0.521747526471551
1.5678394120603014,0.04347023516728654,0.9986364678487636,0.9940970596727907,0.9901050873879876,0.9901525688110477,0.5025009978922298,-1.2545586578611432,0.4975399054781696,4.0,2.0,256.0,0.6634621049174163,0.46951385096711495,0.6787825837193111,-1.1173845016885853,0.5219312398211935
1.5778896582914572,0.04260518512421011,0.9986902122600287,0.9943034130619864,0.9904419629945082,0.9904864060250294,0.5024203530783531,-1.2584794788861189,0.49761798639479504,4.0,2.0,256.0,0.6631961945159428,0.46926782115821697,0.6788793859265625,-1.1195126755993896,0.5221135046516023
1.587939904522613,0.041757349425020865,0.9987418376874709,0.9945026670763726,0.9907676604158655,0.9908092547595015,0.5023421908417929,-1.2623905086464766,0.4976937407211502,4.0,2.0,256.0,0.662919180258345,0.46902513319383404,0.6789656339475503,-1.1216531973174888,0.5222950571901877
1.5979901507537688,0.04092638550729963,0.9987914277240708,0.994695060973592,0.9910825372240535,0.9911214611208209,0.5022664400452734,-1.266291771851625,0.4977672304659384,4.0,2.0,256.0,0.6626313585316694,0.4687857349760238,0.6790415158104941,-1.1237888627115893,0.5224748416645141
1.6080403969849246,0.040111957625559184,0.9988390626614128,0.9948808261670861,0.9913869401764698,0.9914233610633144,0.5021930313503452,-1.2701832965004152,0.4978385163876339,4.0,2.0,256.0,0.6623330189122607,0.4685495752343378,0.6791072395861968,-1.1259089729109142,0.5226522160092727
1.6180906432160804,0.03931373671558852,0.9988848196203559,0.9950601864736053,0.9916812055132205,0.9917152806507373,0.5021218971829735,-1.2740651070083413,0.49790765786845825,4.0,2.0,256.0,0.6620244443175377,0.46831660351325816,0.679163045693365,-1.1280131161746447,0.5228271626774783
1.6281408894472362,0.03853140026149664,0.9989287726765084,0.9952333583533338,0.9919656592477116,0.9919975363127642,0.5020529716992439,-1.2779372342433601,0.49797471314686637,4.0,2.0,256.0,0.6617059111545316,0.4680867701597997,0.6792091465068926,-1.130109215907795,0.5230001876200326
1.6381911356783918,0.0377646321654021,0.9989709929807189,0.9954005511428377,0.9922406174506108,0.9922704350965197,0.5019861907512174,-1.2817997043190132,0.4980397390474943,4.0,2.0,256.0,0.6613776894652412,0.4678600263112773,0.6792457369505012,-1.1322016668764556,0.5231715757965393
1.6482413819095476,0.03701312261971574,0.999011548874779,0.995561967281031,0.9925063865272513,0.992534274913162,0.5019214918529634,-1.2856525480023813,0.498102791252253,4.0,2.0,256.0,0.6610400430688708,0.46763632388323606,0.6792729947664038,-1.134300154787223,0.5233419296457551
1.6582916281407034,0.03627656798196504,0.9990505060025334,0.9957178025283413,0.9927632634885674,0.9927893447795344,0.5018588141468016,-1.2894957951076396,0.49816392414444816,4.0,2.0,256.0,0.6606932297010062,0.46741561555754424,0.6792910796141277,-1.1363920631133615,0.5235105131870603
1.6683418743718592,0.03555467065210933,0.999087927416578,0.9958682461792827,0.993011536215641,0.993035925054907,0.5017980983697752,-1.2933294768341705,0.498223190906774,4.0,2.0,256.0,0.6603375011497903,0.4671978547706458,0.6793001994669138,-1.1384701066764773,0.5236768981212044
1.678392120603015,0.03484713895229646,0.9991238736807234,0.9960134812685982,0.9932514837179518,0.993274287672835,0.5017392868203846,-1.2971536246116415,0.49828064348515877,4.0,2.0,256.0,0.6599731033891563,0.4669829957019731,0.6793005420060052,-1.1405422343279898,0.5238415778788227
1.6884423668341708,0.03415368700901229,0.9991584029683942,0.9961536847711643,0.9934833763854192,0.9935046963681603,0.5016823233255993,-1.3009682725014928,0.4983363326708877,4.0,2.0,256.0,0.6596002767091759,0.46677099326251653,0.679292279526841,-1.142612673811328,0.5240048131285345
1.6984926130653266,0.033474034637575416,0.999191571157124,0.9962890277958214,0.9937074762343303,0.9937274068991934,0.501627153208172,-1.3047734486667597,0.4983903079654199,4.0,2.0,256.0,0.6592192558435774,0.4665618030835507,0.6792755663102872,-1.1446920576908,0.524167246752742
1.7085428592964824,0.032807907228930344,0.9992234319193047,0.9964196757733155,0.9939240371472478,0.9939426672651106,0.5015737232542758,-1.3085691908015777,0.49844261782006205,4.0,2.0,256.0,0.6588302700944935,0.46635538150551564,0.6792505539210829,-1.1467584450519697,0.5243276193324596
1.7185931055276382,0.03215503563869355,0.9992540368093364,0.9965457886384963,0.9941333051069942,0.9941507179186075,0.5015219816814778,-1.3123555348086484,0.4984933095376904,4.0,2.0,256.0,0.6584335434544896,0.46615168556705056,0.679217432169291,-1.1488140631666548,0.5244860688282391
1.728643351758794,0.031515156078407464,0.9992834353473252,0.9966675210069549,0.99433551842481,0.9943517919738527,0.5014718781070693,-1.3161325123464027,0.4985424291608926,4.0,2.0,256.0,0.6580292947259305,0.4659506729941806,0.6791763697769441,-1.1508637504434505,0.5246428903694885
1.7386935979899496,0.030888010008958487,0.9993116750994624,0.9967850223462417,0.9945309079627849,0.9945461154097869,0.5014233635167681,-1.3199001597161986,0.49859002170504657,4.0,2.0,256.0,0.6576177376377359,0.46575230218965263,0.6791275252348176,-1.1529097696738055,0.5247982282989736
1.7487438442211054,0.030273344036115934,0.9993388017552208,0.9968984371418289,0.9947196973506608,0.9947339072688203,0.5013763902338031,-1.3236585134493826,0.49863613107272187,4.0,2.0,256.0,0.65719908095958,0.465556532222421,0.6790710497265028,-1.154953899267785,0.524952198636001
1.7587940904522612,0.02967090980814982,0.9993648592014922,0.9970079050579669,0.9949021031971093,0.9949153798509756,0.5013309118883971,-1.3274076094168392,0.4986808000633684,4.0,2.0,256.0,0.6567735286135861,0.46536332281727966,0.6790070875928775,-1.1569981354398446,0.5251049299547065
1.768844336683417,0.02908046391548595,0.9993898895937902,0.9971135610935765,0.9950783352955803,0.9950907389035338,0.5012868833876574,-1.3311474849629092,0.4987240704246385,4.0,2.0,256.0,0.6563412797835666,0.4651726343446406,0.6789357749761193,-1.1590461818524491,0.52525663967029
1.7788945829145728,0.02850176779235789,0.999413933424633,0.9972155357333171,0.9952485968248299,0.9952601838062394,0.5012442608858856,-1.3348781757698085,0.4987659828301831,4.0,2.0,256.0,0.6559025290218595,0.4649844278104567,0.67885723037852,-1.1611040955766305,0.5254076925232921
1.7889448291457286,0.027934587620416052,0.9994370295892199,0.9973139550939892,0.9954130845442217,0.9954239077521211,0.5012030017553128,-1.3385997225171793,0.49880657699690056,4.0,2.0,256.0,0.6554574663538102,0.46479866484628657,0.6787715967888491,-1.163147744703599,0.5255567520252364
1.7989950753768844,0.027378694234254927,0.999459215448507,0.9974089410663736,0.9955719889839084,0.9955820979239897,0.5011630645572721,-1.3423121658155555,0.49884589150586034,4.0,2.0,256.0,0.6550062773799485,0.46461530769950155,0.6786790277728936,-1.1651858753296458,0.5257043167369185
1.8090453216080402,0.026833863028820317,0.9994805268897897,0.9975006114526734,0.9957254946299938,0.9957349356666753,0.5011244090138117,-1.3460155387921708,0.49888396405440716,4.0,2.0,256.0,0.6545491433759068,0.4644343192236318,0.6785796610033592,-1.167221430961031,0.5258505617566935
1.819095567839196,0.026299873868659143,0.9995009983848853,0.9975890800996647,0.9958737801047762,0.9958825966550658,0.501086995979757,-1.3497098828168679,0.49892083130839254,4.0,2.0,256.0,0.6540862413901269,0.4642556628688507,0.6784736271482776,-1.1692561252842755,0.5259955939184893
1.8291458140703518,0.02577651099897517,0.9995206630460156,0.9976744570276891,0.9960170183421734,0.996025251058012,0.5010507874152251,-1.3533952377062617,0.49895652899700027,4.0,2.0,256.0,0.6536177443394042,0.46407930267259595,0.678361051382184,-1.1712913346642015,0.5261395080672228
1.8391960603015074,0.02526356295845471,0.999539552679479,0.9977568485556089,0.9961553767584319,0.9961630636981629,0.5010157463585974,-1.3570716429550644,0.49899109189810675,4.0,2.0,256.0,0.6531438211023095,0.4639052032503258,0.6782420537752998,-1.1733287535762646,0.5262823882649628
1.8492463065326632,0.024760822493827047,0.9995576978372004,0.9978363574218492,0.99628901741822,0.9962961942078015,0.5009818368999519,-1.3607391391273018,0.49902455388868916,4.0,2.0,256.0,0.6526646366105379,0.46373332978640874,0.6781167490971183,-1.175369972396125,0.526424350252323
1.859296552763819,0.02426808647612517,0.9995751278662413,0.9979130829016297,0.9964180971962012,0.9964247971807443,0.50094902415496,-1.3643977656758746,0.49905694789786803,4.0,2.0,256.0,0.6521803519382268,0.4635636480251456,0.6779852456497432,-1.177418038047966,0.5265655648014297
1.8693467989949748,0.02378515581861281,0.9995918709563544,0.9979871209205129,0.9965427679341919,0.9965490223203749,0.5009172742392471,-1.368047564257894,0.4990883060236709,4.0,2.0,256.0,0.6516911243892839,0.46339612426192167,0.6778476382109458,-1.1794817462321079,0.5267065049097294
1.8793970452261306,0.023311835396344776,0.9996079541856575,0.9980585641643672,0.9966631765939941,0.9966690145838801,0.5008865542432207,-1.3716885752188923,0.49911865950936096,4.0,2.0,256.0,0.6511971075827718,0.4632307253344884,0.6777040277791723,-1.1815409828331984,0.5268461285164818
1.8894472914572864,0.02284793396732802,0.9996234035645017,0.9981275021858577,0.9967794654060074,0.9967849143227557,0.5008568322073651,-1.3753208400185735,0.4991480386827063,4.0,2.0,256.0,0.6506984515363863,0.4630674186143725,0.6775545309170689,-1.1836057576873957,0.5269849672298957
1.8994975376884422,0.022393264095251542,0.9996382440776066,0.9981940215075704,0.9968917720137107,0.996896857419654,0.5008280770980019,-1.378944399888899,0.4991764730960039,4.0,2.0,256.0,0.6501953027480714,0.4629061719984107,0.6773992301048949,-1.18568868182109,0.5271236856086876
1.909547783919598,0.02194764207375401,0.9996524997245306,0.9982582057218582,0.9970002296141104,0.9970049754216398,0.5008002587835191,-1.38255929273994,0.4992039915318727,4.0,2.0,256.0,0.6496878042758111,0.4627469539004097,0.6772382432584414,-1.1877488906029015,0.5272601929339757
1.9195980301507538,0.021510887852198412,0.9996661935585411,0.998320135587525,0.9971049670942489,0.9971093956699273,0.5007733480110619,-1.3861655712556142,0.49923062176691885,4.0,2.0,256.0,0.6491760958156353,0.4625897332429287,0.6770717066556202,-1.1898014965167767,0.5273952732588977
1.9296482763819094,0.021082824962923786,0.9996793477239505,0.998379889123424,0.9972061091638653,0.9972102414261639,0.5007473163836906,-1.3897632658419952,0.4992563911230696,4.0,2.0,256.0,0.6486603137778808,0.4624344794491835,0.6768997327090736,-1.1918532292268254,0.5275292800753639
1.9396985226130652,0.020663280449944595,0.9996919834919762,0.998437541699082,0.9973037764843006,0.9973076319953346,0.5007221363379967,-1.3933524243992694,0.4992813259526806,4.0,2.0,256.0,0.6481405913617424,0.46228116243507106,0.6767224168704357,-1.1939129962014623,0.5276626712613524
1.949748768844221,0.02025208479906906,0.9997041212951845,0.9984931661224274,0.997398085793736,0.997401682845352,0.5006977811221789,-1.396933084661566,0.499305451908638,4.0,2.0,256.0,0.6476170586281529,0.4621297526013123,0.6765398622616013,-1.1959616884025073,0.5277945034503368
1.9597990150753768,0.019849071869408028,0.9997157807605745,0.9985468327247056,0.9974891500288541,0.9974925057234061,0.5006742247745752,-1.4005052941569525,0.49932879396918367,4.0,2.0,256.0,0.6470898425710281,0.46198022082571216,0.6763521819926159,-1.1980092782160676,0.527925282882022
1.9698492613065326,0.01945407882624685,0.9997269807413547,0.9985986094426871,0.9975770784430098,0.9975802087691359,0.5006514421026472,-1.4040690904629785,0.4993513763153476,4.0,2.0,256.0,0.6465590671869107,0.4618325384555356,0.6761594674276101,-1.2000580237597411,0.5280551304193108
1.9798995075376884,0.019066946075253093,0.9997377393474665,0.9986485618982269,0.997661976720998,0.9976648966246983,0.5006294086624121,-1.4076245184927316,0.4993732225322261,4.0,2.0,256.0,0.6460248535430502,0.46168667729999735,0.6759618327244842,-1.202092495452139,0.5281833024126074
1.9899497537688442,0.018687517197993508,0.9997480739748985,0.9986967534752764,0.9977439470905015,0.9977466705417968,0.5006081007383203,-1.4111716208957061,0.49939435549799505,4.0,2.0,256.0,0.6454873198439517,0.46154260962286503,0.6757593868945244,-1.2041211397665255,0.5283102221147161
2.0,0.01831563888873418,0.9997580013338501,0.9987432453944063,0.9978230884303028,0.9978256284857403,0.5005874953235733,-1.4147104388608343,0.49941479741039374,4.0,2.0,256.0,0.6449465814964267,0.4614003081351733,0.6755522295556702,-1.2061464627154923,0.5284360173359236
